date,month,percentage change,fraction of total employment (non-farm sectors),industry
Dec-07,0,0,0.53487533,Mining and Logging
Dec-07,0,0,5.4138055,Construction
Dec-07,0,0,9.9356709,Manufacturing
Dec-07,0,0,19.308998,"Trade, Transportation and Utilities"
Dec-07,0,0,2.1857607,Information
Dec-07,0,0,5.9862666,Financial Activities
Dec-07,0,0,13.047343,Professional and Business
Dec-07,0,0,13.632815,Education and Health
Dec-07,0,0,9.7940006,Leisure and Hospitality
Dec-07,0,0,3.9869895,Other Services
Dec-07,0,0,16.173473,Government
Jan-08,1,0.8108108,0.5391537,Mining and Logging
Jan-08,1,-0.18691589,5.4031005,Construction
Jan-08,1,-0.15277171,9.9194164,Manufacturing
Jan-08,1,0,19.306906,"Trade, Transportation and Utilities"
Jan-08,1,0.066137567,2.1869693,Information
Jan-08,1,-0.060371891,5.9820042,Financial Activities
Jan-08,1,-0.077558033,13.035811,Professional and Business
Jan-08,1,0.27039924,13.668197,Education and Health
Jan-08,1,-0.059040591,9.7871571,Leisure and Hospitality
Jan-08,1,0.10877448,3.9908936,Other Services
Jan-08,1,0.053628888,16.180393,Government
Feb-08,2,1.081081,0.54093927,Mining and Logging
Feb-08,2,-0.493992,5.3898668,Construction
Feb-08,2,-0.36374217,9.904685,Manufacturing
Feb-08,2,-0.19091113,19.282171,"Trade, Transportation and Utilities"
Feb-08,2,-0.1984127,2.1825597,Information
Feb-08,2,-0.16904129,5.979259,Financial Activities
Feb-08,2,-0.34347129,13.0093,Professional and Business
Feb-08,2,0.47187316,13.704277,Education and Health
Feb-08,2,-0.051660515,9.7940378,Leisure and Hospitality
Feb-08,2,0.30819434,4.0013595,Other Services
Feb-08,2,0.18323204,16.211544,Government
Mar-08,3,2.0270271,0.54631364,Mining and Logging
Mar-08,3,-1.1214954,5.3589387,Construction
Mar-08,3,-0.63291138,9.8835735,Manufacturing
Mar-08,3,-0.30321181,19.271484,"Trade, Transportation and Utilities"
Mar-08,3,-0.099206351,2.1859782,Information
Mar-08,3,-0.19319005,5.9812298,Financial Activities
Mar-08,3,-0.57614535,12.986346,Professional and Business
Mar-08,3,0.73166853,13.747567,Education and Health
Mar-08,3,-0.1402214,9.7909536,Leisure and Hospitality
Mar-08,3,0.41696882,4.0079885,Other Services
Mar-08,3,0.29942796,16.239626,Government
Apr-08,4,2.0270271,0.54715693,Mining and Logging
Apr-08,4,-2.176235,5.3099589,Construction
Apr-08,4,-1.069402,9.8553476,Manufacturing
Apr-08,4,-0.65508723,19.23311,"Trade, Transportation and Utilities"
Apr-08,4,-0.3968254,2.1828301,Information
Apr-08,4,-0.28978509,5.9846649,Financial Activities
Apr-08,4,-0.60384464,13.002769,Professional and Business
Apr-08,4,1.0179735,13.807922,Education and Health
Apr-08,4,-0.28782287,9.7915735,Leisure and Hospitality
Apr-08,4,0.4350979,4.0149002,Other Services
Apr-08,4,0.33071148,16.269766,Government
May-08,5,2.8378379,0.55223763,Mining and Logging
May-08,5,-2.8838451,5.2785497,Construction
May-08,5,-1.3240216,9.8430367,Manufacturing
May-08,5,-0.95081228,19.201324,"Trade, Transportation and Utilities"
May-08,5,-0.56216931,2.1821005,Information
May-08,5,-0.4346776,5.9839044,Financial Activities
May-08,5,-0.96393549,12.972867,Professional and Business
May-08,5,1.2512592,13.858189,Education and Health
May-08,5,-0.38376385,9.7951422,Leisure and Hospitality
May-08,5,0.36258158,4.0173292,Other Services
May-08,5,0.47819093,16.315319,Government
Jun-08,6,3.5135136,0.55656064,Mining and Logging
Jun-08,6,-3.6982644,5.2408252,Construction
Jun-08,6,-1.7605121,9.8117428,Manufacturing
Jun-08,6,-1.1941304,19.178093,"Trade, Transportation and Utilities"
Jun-08,6,-0.76058203,2.1804681,Information
Jun-08,6,-0.55542141,5.984117,Financial Activities
Jun-08,6,-1.1301312,12.967282,Professional and Business
Jun-08,6,1.5057526,13.910383,Education and Health
Jun-08,6,-0.501845,9.7957582,Leisure and Hospitality
Jun-08,6,0.16316171,4.0143571,Other Services
Jun-08,6,0.63013941,16.360413,Government
Jul-08,7,4.0540543,0.56032193,Mining and Logging
Jul-08,7,-4.4058747,5.2102661,Construction
Jul-08,7,-2.2988505,9.7728872,Manufacturing
Jul-08,7,-1.4299618,19.161554,"Trade, Transportation and Utilities"
Jul-08,7,-1.223545,2.1736126,Information
Jul-08,7,-0.7606858,5.9808908,Financial Activities
Jul-08,7,-1.5456208,12.932521,Professional and Business
Jul-08,7,1.7920576,13.970936,Education and Health
Jul-08,7,-0.64206642,9.7969017,Leisure and Hospitality
Jul-08,7,0.090645395,4.017581,Other Services
Jul-08,7,0.85806221,16.422527,Government
Aug-08,8,5.1351352,0.56721252,Mining and Logging
Aug-08,8,-5.0200267,5.1865678,Construction
Aug-08,8,-2.8226392,9.7388487,Manufacturing
Aug-08,8,-1.7706071,19.131392,"Trade, Transportation and Utilities"
Aug-08,8,-1.6534392,2.1682391,Information
Aug-08,8,-0.94180149,5.9812484,Financial Activities
Aug-08,8,-1.8613927,12.915384,Professional and Business
Aug-08,8,2.15259,14.046893,Education and Health
Aug-08,8,-0.87822878,9.7920704,Leisure and Hospitality
Aug-08,8,-0.054387238,4.0193348,Other Services
Aug-08,8,0.85359311,16.452808,Government
Sep-08,9,5.6756759,0.57201374,Mining and Logging
Sep-08,9,-5.9546061,5.1525126,Construction
Sep-08,9,-3.4264514,9.7103357,Manufacturing
Sep-08,9,-2.2123232,19.108332,"Trade, Transportation and Utilities"
Sep-08,9,-2.0833333,2.1658986,Information
Sep-08,9,-1.3523303,5.9761539,Financial Activities
Sep-08,9,-2.1993241,12.913466,Professional and Business
Sep-08,9,2.1844018,14.097725,Education and Health
Sep-08,9,-1.2619926,9.7864094,Leisure and Hospitality
Sep-08,9,-0.072516315,4.0318923,Other Services
Sep-08,9,0.71952093,16.48526,Government
Oct-08,10,5.5405407,0.57327831,Mining and Logging
Oct-08,10,-6.9826436,5.1139951,Construction
Oct-08,10,-4.3576312,9.6503077,Manufacturing
Oct-08,10,-2.6577826,19.087746,"Trade, Transportation and Utilities"
Oct-08,10,-2.4801588,2.1646578,Information
Oct-08,10,-1.7387104,5.9735456,Financial Activities
Oct-08,10,-2.830868,12.874907,Professional and Business
Oct-08,10,2.2798367,14.160195,Education and Health
Oct-08,10,-1.4612546,9.8007841,Leisure and Hospitality
Oct-08,10,0,4.0489159,Other Services
Oct-08,10,0.77314979,16.551668,Government
Nov-08,11,4.8648648,0.57282478,Mining and Logging
Nov-08,11,-9.0387182,5.0291948,Construction
Nov-08,11,-5.1796885,9.6213894,Manufacturing
Nov-08,11,-3.4139402,19.046423,"Trade, Transportation and Utilities"
Nov-08,11,-3.0753968,2.1635947,Information
Nov-08,11,-2.1854625,5.9799657,Financial Activities
Nov-08,11,-3.9056008,12.804405,Professional and Business
Nov-08,11,2.4866126,14.268948,Education and Health
Nov-08,11,-1.8450185,9.8177443,Leisure and Hospitality
Nov-08,11,-0.72516316,4.042253,Other Services
Nov-08,11,0.82230961,16.653257,Government
Dec-08,12,4.189189,0.57207304,Mining and Logging
Dec-08,12,-10.534045,4.972064,Construction
Dec-08,12,-6.51826,9.5345507,Manufacturing
Dec-08,12,-4.0765142,19.013453,"Trade, Transportation and Utilities"
Dec-08,12,-3.8029101,2.1584442,Information
Dec-08,12,-2.5597682,5.9878464,Financial Activities
Dec-08,12,-4.6036229,12.77704,Professional and Business
Dec-08,12,2.6933885,14.371572,Education and Health
Dec-08,12,-2.1697416,9.8357983,Leisure and Hospitality
Dec-08,12,-1.2690356,4.0408688,Other Services
Dec-08,12,0.80443335,16.73629,Government
Jan-09,13,2.8378379,0.56800795,Mining and Logging
Jan-09,13,-12.323097,4.9015875,Construction
Jan-09,13,-8.6206894,9.3754902,Manufacturing
Jan-09,13,-4.6193008,19.01819,"Trade, Transportation and Utilities"
Jan-09,13,-4.3981481,2.1578331,Information
Jan-09,13,-3.1876359,5.9846091,Financial Activities
Jan-09,13,-5.4623013,12.737261,Professional and Business
Jan-09,13,2.8842585,14.483829,Education and Health
Jan-09,13,-2.4206643,9.8688583,Leisure and Hospitality
Jan-09,13,-1.595359,4.0514417,Other Services
Jan-09,13,0.90722203,16.852892,Government
Feb-09,14,1.2162162,0.5620001,Mining and Logging
Feb-09,14,-13.938584,4.8366523,Construction
Feb-09,14,-9.9374361,9.289134,Manufacturing
Feb-09,14,-5.1321406,19.015713,"Trade, Transportation and Utilities"
Feb-09,14,-4.8280425,2.159461,Information
Feb-09,14,-3.767206,5.9801612,Financial Activities
Feb-09,14,-6.3874578,12.679142,Professional and Business
Feb-09,14,3.0168071,14.578988,Education and Health
Feb-09,14,-2.6346862,9.8991547,Leisure and Hospitality
Feb-09,14,-1.9035532,4.0600567,Other Services
Feb-09,14,0.8938148,16.939539,Government
Mar-09,15,-1.6216216,0.54964137,Mining and Logging
Mar-09,15,-16.008011,4.7497168,Construction
Mar-09,15,-11.188709,9.217063,Manufacturing
Mar-09,15,-5.7872276,19.001888,"Trade, Transportation and Utilities"
Mar-09,15,-5.2910051,2.1623254,Information
Mar-09,15,-4.2864041,5.9849,Financial Activities
Mar-09,15,-7.1630383,12.652322,Professional and Business
Mar-09,15,3.0486188,14.674216,Education and Health
Mar-09,15,-3.1217713,9.9109097,Leisure and Hospitality
Mar-09,15,-2.4111676,4.0641751,Other Services
Mar-09,15,0.82230961,17.032843,Government
Apr-09,16,-4.0540543,0.53883398,Mining and Logging
Apr-09,16,-17.837116,4.6704006,Construction
Apr-09,16,-12.483631,9.1298208,Manufacturing
Apr-09,16,-6.3899078,18.97834,"Trade, Transportation and Utilities"
Apr-09,16,-6.3161378,2.1500235,Information
Apr-09,16,-4.9746437,5.9727092,Financial Activities
Apr-09,16,-7.9829373,12.60568,Professional and Business
Apr-09,16,3.1069403,14.758739,Education and Health
Apr-09,16,-3.6457565,9.908474,Leisure and Hospitality
Apr-09,16,-2.6105874,4.0769243,Other Services
Apr-09,16,1.3451912,17.210054,Government
May-09,17,-6.3513513,0.52735311,Mining and Logging
May-09,17,-18.558077,4.6419249,Construction
May-09,17,-13.705806,9.0266418,Manufacturing
May-09,17,-6.5433855,18.998409,"Trade, Transportation and Utilities"
May-09,17,-7.1428571,2.1368074,Information
May-09,17,-5.2885776,5.969059,Financial Activities
May-09,17,-8.3541079,12.588748,Professional and Business
May-09,17,3.4038491,14.841224,Education and Health
May-09,17,-3.2767527,9.9732895,Leisure and Hospitality
May-09,17,-2.6649747,4.0856547,Other Services
May-09,17,1.0770469,17.210888,Government
Jun-09,18,-7.2972975,0.52388805,Mining and Logging
Jun-09,18,-19.75968,4.5897484,Construction
Jun-09,18,-14.695184,8.9549732,Manufacturing
Jun-09,18,-6.7605,19.021872,"Trade, Transportation and Utilities"
Jun-09,18,-7.5396824,2.1352639,Information
Jun-09,18,-5.5662885,5.9727821,Financial Activities
Jun-09,18,-8.9468727,12.55193,Professional and Business
Jun-09,18,3.5841153,14.920118,Education and Health
Jun-09,18,-3.4981549,9.9859486,Leisure and Hospitality
Jun-09,18,-2.6105874,4.1025171,Other Services
Jun-09,18,0.8938148,17.240957,Government
Jul-09,19,-8.3783779,0.51906693,Mining and Logging
Jul-09,19,-20.801067,4.5414524,Construction
Jul-09,19,-15.117125,8.9328508,Manufacturing
Jul-09,19,-7.1011453,18.999533,"Trade, Transportation and Utilities"
Jul-09,19,-8.0687828,2.1283274,Information
Jul-09,19,-5.7353296,5.9769254,Financial Activities
Jul-09,19,-9.0742893,12.565554,Professional and Business
Jul-09,19,3.6901543,14.972554,Education and Health
Jul-09,19,-3.4833949,10.012326,Leisure and Hospitality
Jul-09,19,-2.6831038,4.1096625,Other Services
Jul-09,19,0.64801574,17.241749,Government
Aug-09,20,-9.4594593,0.51379579,Mining and Logging
Aug-09,20,-21.829105,4.4899616,Construction
Aug-09,20,-15.422668,8.9155073,Manufacturing
Aug-09,20,-7.2733397,18.995874,"Trade, Transportation and Utilities"
Aug-09,20,-8.4986773,2.1219001,Information
Aug-09,20,-6.037189,5.9677,Financial Activities
Aug-09,20,-9.2238655,12.565758,Professional and Business
Aug-09,20,3.9340439,15.032745,Education and Health
Aug-09,20,-3.7195573,10.004448,Leisure and Hospitality
Aug-09,20,-2.8462653,4.1095996,Other Services
Aug-09,20,0.71952093,17.282711,Government
Sep-09,21,-10.135135,0.51085079,Mining and Logging
Sep-09,21,-22.736982,4.4455543,Construction
Sep-09,21,-15.677288,8.9041672,Manufacturing
Sep-09,21,-7.475481,18.987516,"Trade, Transportation and Utilities"
Sep-09,21,-8.4325399,2.1271365,Information
Sep-09,21,-6.1941562,5.9681196,Financial Activities
Sep-09,21,-9.0853691,12.606875,Professional and Business
Sep-09,21,3.9605534,15.0628,Education and Health
Sep-09,21,-3.6605165,10.028039,Leisure and Hospitality
Sep-09,21,-2.95504,4.1121569,Other Services
Sep-09,21,0.33518055,17.246782,Government
Oct-09,22,-10.675675,0.50856328,Mining and Logging
Oct-09,22,-23.684914,4.3978028,Construction
Oct-09,22,-16.062855,8.8771601,Manufacturing
Oct-09,22,-7.84233,18.941481,"Trade, Transportation and Utilities"
Oct-09,22,-8.6640215,2.1250403,Information
Oct-09,22,-6.3752718,5.9658084,Financial Activities
Oct-09,22,-9.0521297,12.630988,Professional and Business
Oct-09,22,4.2097449,15.122255,Education and Health
Oct-09,22,-4.0959411,9.9981537,Leisure and Hospitality
Oct-09,22,-3.3176215,4.1031284,Other Services
Oct-09,22,0.66142297,17.32962,Government
Nov-09,23,-10.27027,0.51089501,Mining and Logging
Nov-09,23,-23.951937,4.3826175,Construction
Nov-09,23,-16.273825,8.855257,Manufacturing
Nov-09,23,-7.958374,18.918503,"Trade, Transportation and Utilities"
Nov-09,23,-8.994709,2.1174443,Information
Nov-09,23,-6.3511229,5.9676228,Financial Activities
Nov-09,23,-8.7252789,12.676967,Professional and Business
Nov-09,23,4.3635015,15.145267,Education and Health
Nov-09,23,-4.1623616,9.9916906,Leisure and Hospitality
Nov-09,23,-3.4807832,4.0963931,Other Services
Nov-09,23,0.7016446,17.337345,Government
Dec-09,24,-10.405405,0.51123875,Mining and Logging
Dec-09,24,-24.512684,4.3597951,Construction
Dec-09,24,-16.52117,8.8483629,Manufacturing
Dec-09,24,-8.3888597,18.871111,"Trade, Transportation and Utilities"
Dec-09,24,-9.2592592,2.1158962,Information
Dec-09,24,-6.50809,5.9706211,Financial Activities
Dec-09,24,-8.7308178,12.703859,Professional and Business
Dec-09,24,4.5119557,15.199907,Education and Health
Dec-09,24,-4.4723248,9.9811077,Leisure and Hospitality
Dec-09,24,-3.5532994,4.1022477,Other Services
Dec-09,24,0.47372183,17.335852,Government
Jan-10,25,-9.8648653,0.51419628,Mining and Logging
Jan-10,25,-25.500668,4.301672,Construction
Jan-10,25,-16.630293,8.8346167,Manufacturing
Jan-10,25,-8.1455412,18.916565,"Trade, Transportation and Utilities"
Jan-10,25,-9.4576721,2.1107488,Information
Jan-10,25,-6.6288338,5.9614391,Financial Activities
Jan-10,25,-8.4815245,12.735416,Professional and Business
Jan-10,25,4.6339006,15.213889,Education and Health
Jan-10,25,-4.5608854,9.9693947,Leisure and Hospitality
Jan-10,25,-3.4989123,4.1035485,Other Services
Jan-10,25,0.51394349,17.338514,Government
Feb-10,26,-8.9189186,0.51986516,Mining and Logging
Feb-10,26,-26.568758,4.2422233,Construction
Feb-10,26,-16.681217,8.8338518,Manufacturing
Feb-10,26,-8.1492853,18.925714,"Trade, Transportation and Utilities"
Feb-10,26,-9.4576721,2.1118557,Information
Feb-10,26,-6.7375031,5.957624,Financial Activities
Feb-10,26,-8.3264084,12.763693,Professional and Business
Feb-10,26,4.7452416,15.238066,Education and Health
Feb-10,26,-4.5977859,9.970767,Leisure and Hospitality
Feb-10,26,-3.6258159,4.1003017,Other Services
Feb-10,26,0.4469074,17.336039,Government
Mar-10,27,-7.8378377,0.52538323,Mining and Logging
Mar-10,27,-26.074766,4.2654648,Construction
Mar-10,27,-16.681217,8.8228951,Manufacturing
Mar-10,27,-8.0145245,18.929976,"Trade, Transportation and Utilities"
Mar-10,27,-10.085979,2.0945997,Information
Mar-10,27,-6.9306931,5.9379091,Financial Activities
Mar-10,27,-8.3762674,12.740929,Professional and Business
Mar-10,27,5.0262446,15.259995,Education and Health
Mar-10,27,-4.4797049,9.970726,Leisure and Hospitality
Mar-10,27,-3.3901377,4.1052308,Other Services
Mar-10,27,0.63460851,17.346891,Government
Apr-10,28,-7.1621623,0.52822995,Mining and Logging
Apr-10,28,-25.861149,4.2696662,Construction
Apr-10,28,-16.419321,8.8338194,Manufacturing
Apr-10,28,-7.992064,18.898636,"Trade, Transportation and Utilities"
Apr-10,28,-10.218254,2.0875463,Information
Apr-10,28,-6.8703213,5.9304767,Financial Activities
Apr-10,28,-7.9386182,12.777474,Professional and Business
Apr-10,28,5.0845661,15.239472,Education and Health
Apr-10,28,-4.2140222,9.9794703,Leisure and Hospitality
Apr-10,28,-3.2813632,4.1020474,Other Services
Apr-10,28,0.8625313,17.353161,Government
May-10,29,-5.810811,0.53379285,Mining and Logging
May-10,29,-26.301735,4.2274556,Construction
May-10,29,-16.157427,8.8263454,Manufacturing
May-10,29,-7.9246836,18.83745,"Trade, Transportation and Utilities"
May-10,29,-10.416667,2.0746698,Information
May-10,29,-7.0393624,5.8962283,Financial Activities
May-10,29,-7.8056617,12.745166,Professional and Business
May-10,29,5.2330203,15.200459,Education and Health
May-10,29,-3.9704797,9.9651537,Leisure and Hospitality
May-10,29,-3.3720088,4.0819454,Other Services
May-10,29,2.7708259,17.611334,Government
Jun-10,30,-5.1351352,0.53815782,Mining and Logging
Jun-10,30,-26.355141,4.2286019,Construction
Jun-10,30,-16.01193,8.8504734,Manufacturing
Jun-10,30,-7.8273563,18.876154,"Trade, Transportation and Utilities"
Jun-10,30,-10.615079,2.0721376,Information
Jun-10,30,-7.1601062,5.8944383,Financial Activities
Jun-10,30,-7.4566507,12.806164,Professional and Business
Jun-10,30,5.3655691,15.234774,Education and Health
Jun-10,30,-3.8081181,9.991951,Leisure and Hospitality
Jun-10,30,-3.643945,4.0745144,Other Services
Jun-10,30,1.626743,17.432634,Government
Jul-10,31,-4.3243241,0.54302388,Mining and Logging
Jul-10,31,-26.461948,4.2245421,Construction
Jul-10,31,-15.895534,8.8670893,Manufacturing
Jul-10,31,-7.6888523,18.913799,"Trade, Transportation and Utilities"
Jul-10,31,-10.58201,2.0739219,Information
Jul-10,31,-7.3170733,5.887361,Financial Activities
Jul-10,31,-7.3790927,12.823188,Professional and Business
Jul-10,31,5.5193257,15.264494,Education and Health
Jul-10,31,-3.704797,10.007593,Leisure and Hospitality
Jul-10,31,-3.444525,4.0849509,Other Services
Jul-10,31,0.8625313,17.310038,Government
Aug-10,32,-3.2432432,0.5493241,Mining and Logging
Aug-10,32,-26.248331,4.2380815,Construction
Aug-10,32,-15.953732,8.8636045,Manufacturing
Aug-10,32,-7.7262859,18.911785,"Trade, Transportation and Utilities"
Aug-10,32,-10.648149,2.0730078,Information
Aug-10,32,-7.3170733,5.8891225,Financial Activities
Aug-10,32,-7.1353388,12.860782,Professional and Business
Aug-10,32,5.6889877,15.293612,Education and Health
Aug-10,32,-3.4612546,10.035906,Leisure and Hospitality
Aug-10,32,-3.4989123,4.0838718,Other Services
Aug-10,32,0.19663925,17.200903,Government
Sep-10,33,-2.2972972,0.55490321,Mining and Logging
Sep-10,33,-26.555407,4.2220225,Construction
Sep-10,33,-15.880983,8.8746138,Manufacturing
Sep-10,33,-7.5466046,18.955738,"Trade, Transportation and Utilities"
Sep-10,33,-10.813492,2.0699501,Information
Sep-10,33,-7.2325525,5.8967099,Financial Activities
Sep-10,33,-6.9857626,12.886341,Professional and Business
Sep-10,33,5.6253643,15.290154,Education and Health
Sep-10,33,-3.0479705,10.08266,Leisure and Hospitality
Sep-10,33,-3.3357506,4.0923152,Other Services
Sep-10,33,-0.57651055,17.074593,Government
Oct-10,34,-1.2162162,0.55997735,Mining and Logging
Oct-10,34,-26.461948,4.2193642,Construction
Oct-10,34,-15.888258,8.856987,Manufacturing
Oct-10,34,-7.370667,18.95573,"Trade, Transportation and Utilities"
Oct-10,34,-10.87963,2.0644855,Information
Oct-10,34,-7.244627,5.8847413,Financial Activities
Oct-10,34,-6.6312118,12.910886,Professional and Business
Oct-10,34,5.9487834,15.307835,Education and Health
Oct-10,34,-3.1217713,10.055844,Leisure and Hospitality
Oct-10,34,-2.8825235,4.1036916,Other Services
Oct-10,34,-0.35305685,17.080458,Government
Nov-10,35,-0.54054052,0.56328541,Mining and Logging
Nov-10,35,-26.488651,4.2139258,Construction
Nov-10,35,-15.720937,8.8663883,Manufacturing
Nov-10,35,-7.4268174,18.926697,"Trade, Transportation and Utilities"
Nov-10,35,-11.111111,2.0572164,Information
Nov-10,35,-7.2808499,5.8769956,Financial Activities
Nov-10,35,-6.0883055,12.973932,Professional and Business
Nov-10,35,6.1820688,15.327333,Education and Health
Nov-10,35,-3.1291513,10.045767,Leisure and Hospitality
Nov-10,35,-3.0819435,4.0914726,Other Services
Nov-10,35,-0.39774758,17.056986,Government
Dec-10,36,-0.8108108,0.5613724,Mining and Logging
Dec-10,36,-27.009346,4.1812301,Construction
Dec-10,36,-15.648189,8.868001,Manufacturing
Dec-10,36,-7.2957997,18.940582,"Trade, Transportation and Utilities"
Dec-10,36,-11.342592,2.0504622,Information
Dec-10,36,-7.2325525,5.8760543,Financial Activities
Dec-10,36,-5.7115951,13.017109,Professional and Business
Dec-10,36,6.2828059,15.331431,Education and Health
Dec-10,36,-2.9003689,10.062638,Leisure and Hospitality
Dec-10,36,-3.2451053,4.0818043,Other Services
Dec-10,36,-0.49159813,17.029316,Government
Jan-11,37,-0.54054052,0.56257927,Mining and Logging
Jan-11,37,-27.476635,4.1520801,Construction
Jan-11,37,-15.480867,8.8804979,Manufacturing
Jan-11,37,-7.1385789,18.961826,"Trade, Transportation and Utilities"
Jan-11,37,-11.309524,2.0500512,Information
Jan-11,37,-7.2687755,5.8703928,Financial Activities
Jan-11,37,-5.4955406,13.039457,Professional and Business
Jan-11,37,6.3941464,15.338695,Education and Health
Jan-11,37,-2.9225092,10.054576,Leisure and Hospitality
Jan-11,37,-3.4263959,4.0718207,Other Services
Jan-11,37,-0.50053626,17.018024,Government
Feb-11,38,-0.13513513,0.5641523,Mining and Logging
Feb-11,38,-27.129505,4.166635,Construction
Feb-11,38,-15.226248,8.895895,Manufacturing
Feb-11,38,-6.9102345,18.984221,"Trade, Transportation and Utilities"
Feb-11,38,-11.474868,2.0436206,Information
Feb-11,38,-7.3170733,5.8598552,Financial Activities
Feb-11,38,-5.2628665,13.054896,Professional and Business
Feb-11,38,6.4577699,15.3283,Education and Health
Feb-11,38,-2.6420665,10.070767,Leisure and Hospitality
Feb-11,38,-3.2451053,4.0742636,Other Services
Feb-11,38,-0.72845906,16.957396,Government
Mar-11,39,1.8918918,0.57469952,Mining and Logging
Mar-11,39,-26.889185,4.1738124,Construction
Mar-11,39,-15.102575,8.8948851,Manufacturing
Mar-11,39,-6.7717299,18.982615,"Trade, Transportation and Utilities"
Mar-11,39,-11.673281,2.0358386,Information
Mar-11,39,-7.2567015,5.8544655,Financial Activities
Mar-11,39,-4.808598,13.096899,Professional and Business
Mar-11,39,6.5160913,15.312616,Education and Health
Mar-11,39,-2.2656827,10.093827,Leisure and Hospitality
Mar-11,39,-3.3357506,4.0640554,Other Services
Mar-11,39,-0.81337148,16.916288,Government
Apr-11,40,3.6486487,0.58318126,Mining and Logging
Apr-11,40,-26.675568,4.1757908,Construction
Apr-11,40,-14.88433,8.8959856,Manufacturing
Apr-11,40,-6.4048815,19.010798,"Trade, Transportation and Utilities"
Apr-11,40,-11.507936,2.0346715,Information
Apr-11,40,-7.2325525,5.8416972,Financial Activities
Apr-11,40,-4.4983659,13.107512,Professional and Business
Apr-11,40,6.8236041,15.319343,Education and Health
Apr-11,40,-1.9557196,10.101126,Leisure and Hospitality
Apr-11,40,-3.1544597,4.0617394,Other Services
Apr-11,40,-0.85359311,16.868156,Government
May-11,41,5,0.59032238,Mining and Logging
May-11,41,-26.355141,4.1907568,Construction
May-11,41,-14.797031,8.8981409,Manufacturing
May-11,41,-6.3412442,19.008837,"Trade, Transportation and Utilities"
May-11,41,-11.474868,2.033839,Information
May-11,41,-7.027288,5.8500414,Financial Activities
May-11,41,-4.2379923,13.132963,Professional and Business
May-11,41,6.9243412,15.321791,Education and Health
May-11,41,-1.8892989,10.100059,Leisure and Hospitality
May-11,41,-3.0819435,4.0616002,Other Services
May-11,41,-1.1083304,16.811651,Government
Jun-11,42,6.4864864,0.5978393,Mining and Logging
Jun-11,42,-26.208279,4.1932206,Construction
Jun-11,42,-14.709734,8.8947563,Manufacturing
Jun-11,42,-6.1203861,19.026918,"Trade, Transportation and Utilities"
Jun-11,42,-11.243386,2.0362952,Information
Jun-11,42,-7.1601062,5.8334851,Financial Activities
Jun-11,42,-4.2269125,13.116048,Professional and Business
Jun-11,42,7.1470227,15.33215,Education and Health
Jun-11,42,-1.5424354,10.12154,Leisure and Hospitality
Jun-11,42,-2.9731688,4.0604515,Other Services
Jun-11,42,-1.1127994,16.787296,Government
Jul-11,43,8.1081085,0.60640514,Mining and Logging
Jul-11,43,-25.941256,4.2046618,Construction
Jul-11,43,-14.578787,8.9005117,Manufacturing
Jul-11,43,-5.9856257,19.037333,"Trade, Transportation and Utilities"
Jul-11,43,-11.607142,2.0261512,Information
Jul-11,43,-7.0997343,5.8321013,Financial Activities
Jul-11,43,-4.0551772,13.127913,Professional and Business
Jul-11,43,7.337893,15.34584,Education and Health
Jul-11,43,-1.2767527,10.139853,Leisure and Hospitality
Jul-11,43,-2.8462653,4.0621567,Other Services
Jul-11,43,-1.4390419,16.717073,Government
Aug-11,44,8.7837839,0.6096037,Mining and Logging
Aug-11,44,-25.8745,4.2043724,Construction
Aug-11,44,-14.40419,8.910059,Manufacturing
Aug-11,44,-5.9107585,19.034023,"Trade, Transportation and Utilities"
Aug-11,44,-12.996032,1.9923818,Information
Aug-11,44,-7.0393624,5.830235,Financial Activities
Aug-11,44,-3.7394049,13.158353,Professional and Business
Aug-11,44,7.5181594,15.356713,Education and Health
Aug-11,44,-1.1734318,10.140625,Leisure and Hospitality
Aug-11,44,-2.5743291,4.0695782,Other Services
Aug-11,44,-1.4792635,16.694056,Government
Sep-11,45,10,0.61537999,Mining and Logging
Sep-11,45,-25.393858,4.2245002,Construction
Sep-11,45,-14.367816,8.898818,Manufacturing
Sep-11,45,-5.749794,19.034443,"Trade, Transportation and Utilities"
Sep-11,45,-11.541005,2.0222867,Information
Sep-11,45,-7.027288,5.8211617,Financial Activities
Sep-11,45,-3.3571548,13.188334,Professional and Business
Sep-11,45,7.7408409,15.362576,Education and Health
Sep-11,45,-0.94464946,10.146965,Leisure and Hospitality
Sep-11,45,-2.4474256,4.0680094,Other Services
Sep-11,45,-1.7652842,16.617527,Government
Oct-11,46,10.675675,0.61830455,Mining and Logging
Oct-11,46,-25.433912,4.2163992,Construction
Oct-11,46,-14.331442,8.8902979,Manufacturing
Oct-11,46,-5.6711836,19.024,"Trade, Transportation and Utilities"
Oct-11,46,-11.441799,2.0217576,Information
Oct-11,46,-6.9427676,5.8184042,Financial Activities
Oct-11,46,-3.0635421,13.210125,Professional and Business
Oct-11,46,7.9211068,15.36702,Education and Health
Oct-11,46,-0.64944649,10.163145,Leisure and Hospitality
Oct-11,46,-2.4292965,4.0631442,Other Services
Oct-11,46,-1.68931,16.607403,Government
Nov-11,47,11.486486,0.62214851,Mining and Logging
Nov-11,47,-25.393858,4.2140193,Construction
Nov-11,47,-14.345991,8.8790016,Manufacturing
Nov-11,47,-5.5738564,19.022661,"Trade, Transportation and Utilities"
Nov-11,47,-11.607142,2.0157611,Information
Nov-11,47,-6.773726,5.8225555,Financial Activities
Nov-11,47,-2.8364079,13.2265,Professional and Business
Nov-11,47,8.1225805,15.378757,Education and Health
Nov-11,47,-0.33210331,10.184382,Leisure and Hospitality
Nov-11,47,-2.2480059,4.0662117,Other Services
Nov-11,47,-1.8144441,16.568003,Government
Dec-11,48,12.432432,0.62635982,Mining and Logging
Dec-11,48,-25.073431,4.2249174,Construction
Dec-11,48,-14.164121,8.8827152,Manufacturing
Dec-11,48,-5.4241223,19.020409,"Trade, Transportation and Utilities"
Dec-11,48,-11.342592,2.0183542,Information
Dec-11,48,-6.6409078,5.8209305,Financial Activities
Dec-11,48,-2.4984765,13.249919,Professional and Business
Dec-11,48,8.2445259,15.369906,Education and Health
Dec-11,48,-0.066420667,10.194157,Leisure and Hospitality
Dec-11,48,-2.0485859,4.0675745,Other Services
Dec-11,48,-1.9038255,16.524757,Government
Jan-12,49,13.648648,0.63132924,Mining and Logging
Jan-12,49,-24.846462,4.2256269,Construction
Jan-12,49,-13.909501,8.8836508,Manufacturing
Jan-12,49,-5.105937,19.029961,"Trade, Transportation and Utilities"
Jan-12,49,-11.706349,2.004339,Information
Jan-12,49,-6.6046848,5.8065777,Financial Activities
Jan-12,49,-1.9611102,13.284939,Professional and Business
Jan-12,49,8.6421719,15.382363,Education and Health
Jan-12,49,0.37638375,10.210117,Leisure and Hospitality
Jan-12,49,-1.849166,4.064229,Other Services
Jan-12,49,-1.9082946,16.476868,Government
Feb-12,50,14.459459,0.63465661,Mining and Logging
Feb-12,50,-24.846462,4.2178063,Construction
Feb-12,50,-13.74218,8.8844433,Manufacturing
Feb-12,50,-5.0198398,19.011974,"Trade, Transportation and Utilities"
Feb-12,50,-11.408731,2.0073731,Information
Feb-12,50,-6.50809,5.8018255,Financial Activities
Feb-12,50,-1.6120991,13.307557,Professional and Business
Feb-12,50,9.0451193,15.410841,Education and Health
Feb-12,50,0.67896676,10.221943,Leisure and Hospitality
Feb-12,50,-1.849166,4.0567069,Other Services
Feb-12,50,-1.9172328,16.444874,Government
Mar-12,51,14.72973,0.63512725,Mining and Logging
Mar-12,51,-24.859814,4.2102427,Construction
Mar-12,51,-13.436636,8.9015064,Manufacturing
Mar-12,51,-4.9225125,19.000704,"Trade, Transportation and Utilities"
Mar-12,51,-11.474868,2.0026333,Information
Mar-12,51,-6.2183046,5.8104043,Financial Activities
Mar-12,51,-1.4625229,13.306252,Professional and Business
Mar-12,51,9.2200842,15.410625,Education and Health
Mar-12,51,1.1143911,10.249562,Leisure and Hospitality
Mar-12,51,-1.7041334,4.0561366,Other Services
Mar-12,51,-1.9261709,16.416805,Government
Apr-12,52,14.864865,0.63546175,Mining and Logging
Apr-12,52,-24.873165,4.2067566,Construction
Apr-12,52,-13.312963,8.9084263,Manufacturing
Apr-12,52,-4.8401589,19.004791,"Trade, Transportation and Utilities"
Apr-12,52,-11.375662,2.0035737,Information
Apr-12,52,-6.1820817,5.8088679,Financial Activities
Apr-12,52,-1.1966096,13.333483,Professional and Business
Apr-12,52,9.3155184,15.41406,Education and Health
Apr-12,52,1.1439115,10.245886,Leisure and Hospitality
Apr-12,52,-1.7947788,4.0497603,Other Services
Apr-12,52,-2.0289595,16.388933,Government
May-12,53,15.405405,0.63791329,Mining and Logging
May-12,53,-25.126835,4.1890135,Construction
May-12,53,-13.211116,8.9113646,Manufacturing
May-12,53,-4.7166281,19.013401,"Trade, Transportation and Utilities"
May-12,53,-11.276455,2.0041232,Information
May-12,53,-6.0613379,5.8114347,Financial Activities
May-12,53,-1.0414935,13.343143,Professional and Business
May-12,53,9.5700121,15.436903,Education and Health
May-12,53,1.1512915,10.237985,Leisure and Hospitality
May-12,53,-1.7947788,4.0463419,Other Services
May-12,53,-2.0691812,16.368376,Government
Jun-12,54,15.135135,0.636253,Mining and Logging
Jun-12,54,-24.926569,4.1991205,Construction
Jun-12,54,-13.131093,8.9172497,Manufacturing
Jun-12,54,-4.761548,18.99947,"Trade, Transportation and Utilities"
Jun-12,54,-11.574074,1.9968785,Information
Jun-12,54,-6.0492635,5.8106623,Financial Activities
Jun-12,54,-0.81435931,13.370274,Professional and Business
Jun-12,54,9.5753145,15.433616,Education and Health
Jun-12,54,1.1808118,10.238297,Leisure and Hospitality
Jun-12,54,-1.6860044,4.0497651,Other Services
Jun-12,54,-2.1630318,16.348415,Government
Jul-12,55,14.864865,0.6339215,Mining and Logging
Jul-12,55,-24.806408,4.2002892,Construction
Jul-12,55,-12.956496,8.923378,Manufacturing
Jul-12,55,-4.7765217,18.971407,"Trade, Transportation and Utilities"
Jul-12,55,-11.474868,1.9964799,Information
Jul-12,55,-6.0613379,5.8022461,Financial Activities
Jul-12,55,-0.49304748,13.395881,Professional and Business
Jul-12,55,9.6813526,15.428158,Education and Health
Jul-12,55,1.4538746,10.252376,Leisure and Hospitality
Jul-12,55,-1.5047135,4.051877,Other Services
Jul-12,55,-2.0602431,16.343988,Government
Aug-12,56,14.72973,0.63228917,Mining and Logging
Aug-12,56,-24.686249,4.2011113,Construction
Aug-12,56,-12.985596,8.9079046,Manufacturing
Aug-12,56,-4.6529908,18.969421,"Trade, Transportation and Utilities"
Aug-12,56,-11.507936,1.9929398,Information
Aug-12,56,-5.9888916,5.7985911,Financial Activities
Aug-12,56,-0.2991524,13.403191,Professional and Business
Aug-12,56,9.7767878,15.419962,Education and Health
Aug-12,56,1.9557196,10.288664,Leisure and Hospitality
Aug-12,56,-1.5591007,4.0439696,Other Services
Aug-12,56,-1.935109,16.341957,Government
Sep-12,57,14.054054,0.62789208,Mining and Logging
Sep-12,57,-24.579439,4.2025623,Construction
Sep-12,57,-13.080169,8.8886909,Manufacturing
Sep-12,57,-4.5556636,18.968441,"Trade, Transportation and Utilities"
Sep-12,57,-11.706349,1.9863411,Information
Sep-12,57,-5.8439989,5.8013062,Financial Activities
Sep-12,57,-0.19943494,13.402223,Professional and Business
Sep-12,57,10.063093,15.443616,Education and Health
Sep-12,57,2.3911438,10.321534,Leisure and Hospitality
Sep-12,57,-1.3596809,4.047821,Other Services
Sep-12,57,-2.0244906,16.309572,Government
Oct-12,58,13.108109,0.62169933,Mining and Logging
Oct-12,58,-24.325768,4.2100258,Construction
Oct-12,58,-13.058344,8.8768559,Manufacturing
Oct-12,58,-4.3684959,18.975571,"Trade, Transportation and Utilities"
Oct-12,58,-11.772487,1.9817129,Information
Oct-12,58,-5.7232552,5.7995558,Financial Activities
Oct-12,58,0.16619578,13.430042,Professional and Business
Oct-12,58,10.524363,15.483804,Education and Health
Oct-12,58,2.4723246,10.313375,Leisure and Hospitality
Oct-12,58,-1.3052937,4.0436454,Other Services
Oct-12,58,-2.1451554,16.263714,Government
Nov-12,59,14.324325,0.62761974,Mining and Logging
Nov-12,59,-24.11215,4.2167735,Construction
Nov-12,59,-13.087443,8.8630886,Manufacturing
Nov-12,59,-4.1139479,19.00293,"Trade, Transportation and Utilities"
Nov-12,59,-11.507936,1.9852369,Information
Nov-12,59,-5.6266603,5.7984347,Financial Activities
Nov-12,59,0.43210903,13.449312,Professional and Business
Nov-12,59,10.529664,15.465707,Education and Health
Nov-12,59,2.6642067,10.320116,Leisure and Hospitality
Nov-12,59,-1.1965193,4.0431767,Other Services
Nov-12,59,-2.2434752,16.227606,Government
Dec-12,60,15.135135,0.63069999,Mining and Logging
Dec-12,60,-23.578104,4.2372379,Construction
Dec-12,60,-12.985596,8.854228,Manufacturing
Dec-12,60,-3.9979038,18.984661,"Trade, Transportation and Utilities"
Dec-12,60,-11.607142,1.9787102,Information
Dec-12,60,-5.5059166,5.7932606,Financial Activities
Dec-12,60,0.68694258,13.454193,Professional and Business
Dec-12,60,10.842479,15.475838,Education and Health
Dec-12,60,3.1808119,10.34955,Leisure and Hospitality
Dec-12,60,-1.160261,4.0358877,Other Services
Dec-12,60,-2.1630318,16.205732,Government
Jan-13,61,15.540541,0.63196176,Mining and Logging
Jan-13,61,-23.28438,4.2470784,Construction
Jan-13,61,-12.847374,8.8548555,Manufacturing
Jan-13,61,-3.8593996,18.983244,"Trade, Transportation and Utilities"
Jan-13,61,-11.772487,1.9720163,Information
Jan-13,61,-5.3610239,5.7933521,Financial Activities
Jan-13,61,0.91961664,13.46485,Professional and Business
Jan-13,61,11.00684,15.475302,Education and Health
Jan-13,61,3.5793357,10.373781,Leisure and Hospitality
Jan-13,61,-1.0696157,4.0334682,Other Services
Jan-13,61,-2.230068,16.17009,Government
Feb-13,62,16.216217,0.63418555,Mining and Logging
Feb-13,62,-22.59012,4.2755904,Construction
Feb-13,62,-12.687327,8.8505754,Manufacturing
Feb-13,62,-3.7995059,18.951086,"Trade, Transportation and Utilities"
Feb-13,62,-10.714286,1.9910476,Information
Feb-13,62,-5.2040572,5.7895241,Financial Activities
Feb-13,62,1.4126642,13.499303,Professional and Business
Feb-13,62,11.096972,15.452004,Education and Health
Feb-13,62,3.9483395,10.386632,Leisure and Hospitality
Feb-13,62,-1.0514866,4.0248661,Other Services
Feb-13,62,-2.1540937,16.145184,Government
Mar-13,63,16.216217,0.63364822,Mining and Logging
Mar-13,63,-22.363152,4.2844934,Construction
Mar-13,63,-12.658228,8.8460236,Manufacturing
Mar-13,63,-3.8331962,18.928398,"Trade, Transportation and Utilities"
Mar-13,63,-10.747355,1.9886239,Information
Mar-13,63,-5.1316109,5.7890391,Financial Activities
Mar-13,63,1.7173563,13.528389,Professional and Business
Mar-13,63,11.33556,15.472068,Education and Health
Mar-13,63,4.1697416,10.399935,Leisure and Hospitality
Mar-13,63,-1.1965193,4.0155611,Other Services
Mar-13,63,-2.2613513,16.113821,Government
Apr-13,64,15.810811,0.63056898,Mining and Logging
Apr-13,64,-22.389853,4.2771268,Construction
Apr-13,64,-12.658228,8.8338518,Manufacturing
Apr-13,64,-3.7096653,18.926634,"Trade, Transportation and Utilities"
Apr-13,64,-10.780423,1.9851519,Information
Apr-13,64,-4.9867182,5.7899036,Financial Activities
Apr-13,64,2.0552878,13.554658,Professional and Business
Apr-13,64,11.600657,15.487569,Education and Health
Apr-13,64,4.4501843,10.413586,Leisure and Hospitality
Apr-13,64,-1.0877447,4.014451,Other Services
Apr-13,64,-2.292635,16.086498,Government
May-13,65,16.216217,0.63175833,Mining and Logging
May-13,65,-22.122831,4.2849379,Construction
May-13,65,-12.650953,8.8203745,Manufacturing
May-13,65,-3.5861347,18.920427,"Trade, Transportation and Utilities"
May-13,65,-10.383598,1.9907734,Information
May-13,65,-4.8297515,5.7901387,Financial Activities
May-13,65,2.4319983,13.582805,Professional and Business
May-13,65,11.69079,15.475141,Education and Health
May-13,65,4.7675276,10.42842,Leisure and Hospitality
May-13,65,-0.81580853,4.0190115,Other Services
May-13,65,-2.3194494,16.056211,Government
Jun-13,66,16.351351,0.63190341,Mining and Logging
Jun-13,66,-21.815754,4.2978239,Construction
Jun-13,66,-12.665503,8.8106861,Manufacturing
Jun-13,66,-3.421427,18.935085,"Trade, Transportation and Utilities"
Jun-13,66,-10.482804,1.986716,Information
Jun-13,66,-4.7573051,5.7891455,Financial Activities
Jun-13,66,2.6314332,13.596565,Professional and Business
Jun-13,66,11.696093,15.461451,Education and Health
Jun-13,66,5.1881919,10.460533,Leisure and Hospitality
Jun-13,66,-0.65264684,4.0218706,Other Services
Jun-13,66,-2.5205576,16.008221,Government
Jul-13,67,16.351351,0.63114375,Mining and Logging
Jul-13,67,-21.842457,4.2911911,Construction
Jul-13,67,-12.825549,8.783967,Manufacturing
Jul-13,67,-3.2866662,18.938711,"Trade, Transportation and Utilities"
Jul-13,67,-10.119047,1.9923911,Information
Jul-13,67,-4.5520406,5.7946472,Financial Activities
Jul-13,67,2.869647,13.61174,Professional and Business
Jul-13,67,11.88166,15.46852,Education and Health
Jul-13,67,5.4833946,10.47728,Leisure and Hospitality
Jul-13,67,-0.58013052,4.019968,Other Services
Jul-13,67,-2.5116196,15.990441,Government
Aug-13,68,16.756756,0.63215655,Mining and Logging
Aug-13,68,-21.682243,4.2919335,Construction
Aug-13,68,-12.621854,8.7880011,Manufacturing
Aug-13,68,-3.0508347,18.949333,"Trade, Transportation and Utilities"
Aug-13,68,-11.011905,1.9689044,Information
Aug-13,68,-4.600338,5.7808671,Financial Activities
Aug-13,68,3.0413828,13.608926,Professional and Business
Aug-13,68,12.199778,15.483446,Education and Health
Aug-13,68,5.7712178,10.48619,Leisure and Hospitality
Aug-13,68,-0.4350979,4.0182915,Other Services
Aug-13,68,-2.3194494,15.991952,Government
Sep-13,69,17.027027,0.63292527,Mining and Logging
Sep-13,69,-21.321762,4.3069615,Construction
Sep-13,69,-12.54183,8.7864056,Manufacturing
Sep-13,69,-2.80003,18.977526,"Trade, Transportation and Utilities"
Sep-13,69,-10.416667,1.9799013,Information
Sep-13,69,-4.6124125,5.7737985,Financial Activities
Sep-13,69,3.1798792,13.612278,Professional and Business
Sep-13,69,12.199778,15.466472,Education and Health
Sep-13,69,5.8450184,10.482002,Leisure and Hospitality
Sep-13,69,-0.27193618,4.0204639,Other Services
Sep-13,69,-2.3998928,15.961265,Government
Oct-13,70,17.432432,0.63407516,Mining and Logging
Oct-13,70,-20.987984,4.3181319,Construction
Oct-13,70,-12.410883,8.7851152,Manufacturing
Oct-13,70,-2.6690125,18.971909,"Trade, Transportation and Utilities"
Oct-13,70,-10.019841,1.9854068,Information
Oct-13,70,-4.5037432,5.7708864,Financial Activities
Oct-13,70,3.4347126,13.623495,Professional and Business
Oct-13,70,12.337628,15.460052,Education and Health
Oct-13,70,6.2361622,10.503466,Leisure and Hospitality
Oct-13,70,-0.12690355,4.019701,Other Services
Oct-13,70,-2.4445834,15.927764,Government
Nov-13,71,17.702703,0.63406783,Mining and Logging
Nov-13,71,-20.520695,4.3336463,Construction
Nov-13,71,-12.178088,8.7881365,Manufacturing
Nov-13,71,-2.4294376,18.974718,"Trade, Transportation and Utilities"
Nov-13,71,-9.7883596,1.9859209,Information
Nov-13,71,-4.4675198,5.7597532,Financial Activities
Nov-13,71,3.8003435,13.640102,Professional and Business
Nov-13,71,12.565612,15.455677,Education and Health
Nov-13,71,6.5830259,10.513442,Leisure and Hospitality
Nov-13,71,-0.054387238,4.0133367,Other Services
Nov-13,71,-2.3820164,15.901199,Government
Dec-13,72,17.702703,0.63356513,Mining and Logging
Dec-13,72,-20.734312,4.318572,Construction
Dec-13,72,-12.076241,8.7913523,Manufacturing
Dec-13,72,-2.0775623,19.028049,"Trade, Transportation and Utilities"
Dec-13,72,-9.9206352,1.9814367,Information
Dec-13,72,-4.4433713,5.7566414,Financial Activities
Dec-13,72,3.7892637,13.627833,Professional and Business
Dec-13,72,12.560309,15.442696,Education and Health
Dec-13,72,6.7601476,10.522564,Leisure and Hospitality
Dec-13,72,0.18129079,4.0196109,Other Services
Dec-13,72,-2.4490526,15.877681,Government
Jan-14,73,18.378378,0.63643366,Mining and Logging
Jan-14,73,-19.813084,4.3634939,Construction
Jan-14,73,-11.959843,8.7923746,Manufacturing
Jan-14,73,-2.0925357,19.002193,"Trade, Transportation and Utilities"
Jan-14,73,-9.9206352,1.9790471,Information
Jan-14,73,-4.3950739,5.7526045,Financial Activities
Jan-14,73,3.9886987,13.637552,Professional and Business
Jan-14,73,12.661047,15.437875,Education and Health
Jan-14,73,6.9667897,10.530216,Leisure and Hospitality
Jan-14,73,0.36258158,4.022028,Other Services
Jan-14,73,-2.5250268,15.846181,Government
Feb-14,74,18.513514,0.63629109,Mining and Logging
Feb-14,74,-19.465954,4.3764057,Construction
Feb-14,74,-11.814346,8.7948923,Manufacturing
Feb-14,74,-2.1449428,18.966118,"Trade, Transportation and Utilities"
Feb-14,74,-10.05291,1.9734455,Information
Feb-14,74,-4.2381067,5.75419,Financial Activities
Feb-14,74,4.3709488,13.669013,Professional and Business
Feb-14,74,12.820105,15.438583,Education and Health
Feb-14,74,7.2029519,10.53907,Leisure and Hospitality
Feb-14,74,0.39883974,4.017993,Other Services
Feb-14,74,-2.466929,15.833999,Government
Mar-14,75,18.918919,0.63742709,Mining and Logging
Mar-14,75,-19.06542,4.3910036,Construction
Mar-14,75,-11.748873,8.7870779,Manufacturing
Mar-14,75,-1.9615183,18.970699,"Trade, Transportation and Utilities"
Mar-14,75,-9.9537039,1.9724023,Information
Mar-14,75,-4.2139578,5.7462606,Financial Activities
Mar-14,75,4.5870037,13.674985,Professional and Business
Mar-14,75,13.005673,15.438774,Education and Health
Mar-14,75,7.4907751,10.550143,Leisure and Hospitality
Mar-14,75,0.65264684,4.0215855,Other Services
Mar-14,75,-2.4579906,15.809641,Government
Apr-14,76,19.729731,0.64024282,Mining and Logging
Apr-14,76,-18.518024,4.4101601,Construction
Apr-14,76,-11.668849,8.7740726,Manufacturing
Apr-14,76,-1.6994834,18.976046,"Trade, Transportation and Utilities"
Apr-14,76,-9.7883596,1.9713119,Information
Apr-14,76,-4.1052885,5.7390614,Financial Activities
Apr-14,76,4.9858732,13.694404,Professional and Business
Apr-14,76,13.212449,15.43014,Education and Health
Apr-14,76,7.8228784,10.557503,Leisure and Hospitality
Apr-14,76,0.92458302,4.0228348,Other Services
Apr-14,76,-2.3820164,15.784225,Government
May-14,77,20,0.64059556,Mining and Logging
May-14,77,-18.371162,4.4105873,Construction
May-14,77,-11.581551,8.7677917,Manufacturing
May-14,77,-1.5609792,18.97043,"Trade, Transportation and Utilities"
May-14,77,-9.9537039,1.9643488,Information
May-14,77,-3.9966192,5.7357831,Financial Activities
May-14,77,5.2850256,13.710044,Professional and Business
May-14,77,13.509358,15.444269,Education and Health
May-14,77,8.2435427,10.580648,Leisure and Hospitality
May-14,77,1.0152284,4.0195928,Other Services
May-14,77,-2.3909545,15.75591,Government
Jun-14,78,20.540541,0.64215624,Mining and Logging
Jun-14,78,-18.277704,4.4065452,Construction
Jun-14,78,-11.414229,8.7662973,Manufacturing
Jun-14,78,-1.3176612,18.978165,"Trade, Transportation and Utilities"
Jun-14,78,-9.5568781,1.9689432,Information
Jun-14,78,-3.7913547,5.7362118,Financial Activities
Jun-14,78,5.6949754,13.735089,Professional and Business
Jun-14,78,13.737342,15.443426,Education and Health
Jun-14,78,8.4723244,10.581181,Leisure and Hospitality
Jun-14,78,0.94271213,4.0084372,Other Services
Jun-14,78,-2.3283875,15.733548,Government
Jul-14,79,21.621622,0.64675617,Mining and Logging
Jul-14,79,-17.863819,4.4209375,Construction
Jul-14,79,-11.312382,8.7606716,Manufacturing
Jul-14,79,-1.12675,18.980856,"Trade, Transportation and Utilities"
Jul-14,79,-9.3915348,1.9690132,Information
Jul-14,79,-3.5981648,5.7374458,Financial Activities
Jul-14,79,5.9442692,13.742849,Professional and Business
Jul-14,79,13.975929,15.448131,Education and Health
Jul-14,79,8.642066,10.578774,Leisure and Hospitality
Jul-14,79,1.0333575,4.004858,Other Services
Jul-14,79,-2.301573,15.709707,Government
Aug-14,80,22.027027,0.64792025,Mining and Logging
Aug-14,80,-17.636848,4.4263787,Construction
Aug-14,80,-11.210534,8.757328,Manufacturing
Aug-14,80,-1.0743431,18.961893,"Trade, Transportation and Utilities"
Aug-14,80,-8.9616404,1.9753317,Information
Aug-14,80,-3.4411979,5.7380047,Financial Activities
Aug-14,80,6.2545013,13.762028,Professional and Business
Aug-14,80,14.198611,15.454657,Education and Health
Aug-14,80,8.8265686,10.580545,Leisure and Hospitality
Aug-14,80,1.2509065,4.0073476,Other Services
Aug-14,80,-2.2836969,15.688568,Government
Sep-14,81,22.972973,0.65177375,Mining and Logging
Sep-14,81,-17.343124,4.4342103,Construction
Sep-14,81,-11.145061,8.7480927,Manufacturing
Sep-14,81,-0.92460883,18.956589,"Trade, Transportation and Utilities"
Sep-14,81,-8.8293648,1.9746596,Information
Sep-14,81,-3.3204539,5.7348928,Financial Activities
Sep-14,81,6.537034,13.773913,Professional and Business
Sep-14,81,14.4425,15.45993,Education and Health
Sep-14,81,9.1881914,10.596695,Leisure and Hospitality
Sep-14,81,1.1965193,3.9980233,Other Services
Sep-14,81,-2.2166607,15.67122,Government
Oct-14,82,23.108109,0.6514588,Mining and Logging
Oct-14,82,-17.209612,4.4343534,Construction
Oct-14,82,-10.977739,8.7507153,Manufacturing
Oct-14,82,-0.73744106,18.962385,"Trade, Transportation and Utilities"
Oct-14,82,-8.9285717,1.9693936,Information
Oct-14,82,-3.2359333,5.7308354,Financial Activities
Oct-14,82,6.7586284,13.780749,Professional and Business
Oct-14,82,14.590955,15.455521,Education and Health
Oct-14,82,9.5940962,10.619279,Leisure and Hospitality
Oct-14,82,1.3234228,3.9967105,Other Services
Oct-14,82,-2.2032535,15.648599,Government
Nov-14,83,23.243244,0.6502071,Mining and Logging
Nov-14,83,-16.809078,4.442369,Construction
Nov-14,83,-10.650371,8.7564077,Manufacturing
Nov-14,83,-0.37059221,18.975069,"Trade, Transportation and Utilities"
Nov-14,83,-8.6970901,1.9684449,Information
Nov-14,83,-2.8978508,5.7335148,Financial Activities
Nov-14,83,7.2904549,13.807632,Professional and Business
Nov-14,83,14.861354,15.445271,Education and Health
Nov-14,83,9.9040594,10.617198,Leisure and Hospitality
Nov-14,83,1.6134881,3.9960644,Other Services
Nov-14,83,-2.1630318,15.607822,Government
Dec-14,84,23.378378,0.64939684,Mining and Logging
Dec-14,84,-16.221628,4.4632697,Construction
Dec-14,84,-10.512149,8.7494307,Manufacturing
Dec-14,84,-0.168451,18.969074,"Trade, Transportation and Utilities"
Dec-14,84,-8.4986773,1.9681063,Information
Dec-14,84,-2.8133302,5.7250767,Financial Activities
Dec-14,84,7.6893249,13.826533,Professional and Business
Dec-14,84,15.147659,15.447536,Education and Health
Dec-14,84,10.317343,10.632184,Leisure and Hospitality
Dec-14,84,1.7222625,3.9909811,Other Services
Dec-14,84,-2.118341,15.578411,Government
Jan-15,85,22.432432,0.64349788,Mining and Logging
Jan-15,85,-15.674232,4.4860187,Construction
Jan-15,85,-10.388476,8.7490149,Manufacturing
Jan-15,85,-0.037433557,18.966852,"Trade, Transportation and Utilities"
Jan-15,85,-8.3002644,1.9695581,Information
Jan-15,85,-2.5839169,5.7303987,Financial Activities
Jan-15,85,7.8001218,13.821,Professional and Business
Jan-15,85,15.370341,15.455314,Education and Health
Jan-15,85,10.494465,10.634051,Leisure and Hospitality
Jan-15,85,1.8129079,3.9888346,Other Services
Jan-15,85,-2.1228101,15.555461,Government
Feb-15,86,20.540541,0.6323595,Mining and Logging
Feb-15,86,-15.260347,4.4995356,Construction
Feb-15,86,-10.366652,8.734643,Manufacturing
Feb-15,86,0.12727408,18.962278,"Trade, Transportation and Utilities"
Feb-15,86,-8.0687828,1.9708066,Information
Feb-15,86,-2.4752476,5.7259727,Financial Activities
Feb-15,86,8.0715752,13.829674,Professional and Business
Feb-15,86,15.69376,15.469414,Education and Health
Feb-15,86,10.94465,10.657243,Leisure and Hospitality
Feb-15,86,1.9941987,3.9884021,Other Services
Feb-15,86,-2.1004648,15.529672,Government
Mar-15,87,18.648649,0.62190992,Mining and Logging
Mar-15,87,-15.420561,4.4872432,Construction
Mar-15,87,-10.323003,8.7315302,Manufacturing
Mar-15,87,0.27326494,18.973919,"Trade, Transportation and Utilities"
Mar-15,87,-8.1349211,1.9677287,Information
Mar-15,87,-2.3182807,5.7303548,Financial Activities
Mar-15,87,8.2876291,13.845642,Professional and Business
Mar-15,87,15.916441,15.486124,Education and Health
Mar-15,87,10.98893,10.65251,Leisure and Hospitality
Mar-15,87,1.9941987,3.9850402,Other Services
Mar-15,87,-2.0915267,15.517999,Government
Apr-15,88,16.756756,0.61118382,Mining and Logging
Apr-15,88,-15.020027,4.5025291,Construction
Apr-15,88,-10.323003,8.7199802,Manufacturing
Apr-15,88,0.34813207,18.962969,"Trade, Transportation and Utilities"
Apr-15,88,-7.8042326,1.9721997,Information
Apr-15,88,-2.2337599,5.727726,Financial Activities
Apr-15,88,8.6532602,13.874014,Professional and Business
Apr-15,88,16.202747,15.503838,Education and Health
Apr-15,88,11.047971,10.644077,Leisure and Hospitality
Apr-15,88,2.1392314,3.9854279,Other Services
Apr-15,88,-2.1004648,15.496057,Government
May-15,89,14.054054,0.59593999,Mining and Logging
May-15,89,-14.859813,4.5027361,Construction
May-15,89,-10.279354,8.7082081,Manufacturing
May-15,89,0.56150335,18.968403,"Trade, Transportation and Utilities"
May-15,89,-7.8373017,1.9678729,Information
May-15,89,-2.1250906,5.7235656,Financial Activities
May-15,89,9.0299702,13.896558,Professional and Business
May-15,89,16.504957,15.515622,Education and Health
May-15,89,11.461255,10.664078,Leisure and Hospitality
May-15,89,2.2842638,3.9837599,Other Services
May-15,89,-2.0647123,15.473257,Government
Jun-15,90,13.378378,0.5913865,Mining and Logging
Jun-15,90,-14.846462,4.4956651,Construction
Jun-15,90,-10.272079,8.6938744,Manufacturing
Jun-15,90,0.75615782,18.972298,"Trade, Transportation and Utilities"
Jun-15,90,-7.7380953,1.9665891,Information
Jun-15,90,-1.8715286,5.7284837,Financial Activities
Jun-15,90,9.4066811,13.92049,Professional and Business
Jun-15,90,16.828377,15.531825,Education and Health
Jun-15,90,11.601476,10.659054,Leisure and Hospitality
Jun-15,90,2.2298768,3.9747655,Other Services
Jun-15,90,-1.9440472,15.465567,Government
